bank,hito_code,source_order,easting_m,northing_m,epsg
RIGHT,HMD-01,1,295078.4606,8678393.7636,32718
RIGHT,HMD-02,2,295239.4606,8678454.7636,32718
RIGHT,HMD-03,3,295407.4606,8678484.7636,32718
RIGHT,HMD-04,4,295728.4606,8678458.7636,32718
RIGHT,HMD-05,5,295837.4606,8678585.7636,32718
RIGHT,HMD-06,6,295911.4606,8678656.7636,32718
RIGHT,HMD-07,7,295976.4606,8678680.7636,32718
RIGHT,HMD-08,8,296042.4606,8678739.7636,32718
RIGHT,HMD-09,9,296170.4606,8678815.7636,32718
RIGHT,HMD-10,10,296231.4606,8678861.7636,32718
RIGHT,HMD-11,11,296303.4606,8678953.7636,32718
RIGHT,HMD-12,12,296350.4606,8679036.7636,32718
RIGHT,HMD-13,13,296423.4606,8679095.7636,32718
RIGHT,HMD-14,14,296559.4606,8679179.7636,32718
RIGHT,HMD-15,15,296642.4606,8679259.7636,32718
RIGHT,HMD-16,16,296787.4606,8679275.7636,32718
RIGHT,HMD-17,17,296850.4606,8679262.7636,32718
RIGHT,HMD-18,18,296902.4606,8679299.7636,32718
RIGHT,HMD-19,19,296991.4606,8679310.7636,32718
RIGHT,HMD-20,20,297110.4606,8679298.7636,32718
RIGHT,HMD-21,21,297214.4606,8679279.7636,32718
RIGHT,HMD-22,22,297331.4606,8679288.7636,32718
RIGHT,HMD-23,23,297376.4606,8679333.7636,32718
RIGHT,HMD-24,24,297383.4606,8679368.7636,32718
RIGHT,HMD-25,25,297435.4606,8679450.7636,32718
RIGHT,HMD-26,26,297556.4606,8679556.7636,32718
RIGHT,HMD-27,27,297653.4606,8679575.7636,32718
RIGHT,HMD-28,28,297795.4606,8679604.7636,32718
RIGHT,HMD-29,29,297807.4606,8679698.7636,32718
RIGHT,HMD-30,30,297787.4606,8679764.7636,32718
RIGHT,HMD-31,31,297849.4606,8679902.7636,32718
RIGHT,HMD-32,32,297946.4606,8680025.7636,32718
RIGHT,HMD-33,33,298033.4606,8680097.7636,32718
RIGHT,HMD-34,34,298183.4606,8680103.7636,32718
RIGHT,HMD-35,35,298314.4606,8680135.7636,32718
RIGHT,HMD-36,36,298526.4606,8680131.7636,32718
RIGHT,HMD-37,37,298970.4606,8680017.7636,32718
RIGHT,HMD-38,38,299681.7519,8679958.0803,32718
RIGHT,HMD-39,39,299829.1825,8679773.2045,32718
RIGHT,HMD-40,40,299870.7221,8679478.1935,32718
RIGHT,HMD-41,41,299968.3536,8679298.0119,32718
RIGHT,HMD-42,42,300132.6601,8679164.6616,32718
RIGHT,HMD-43,43,300356.4981,8679145.6116,32718
RIGHT,HMD-44,44,300529.2449,8679084.0297,32718
RIGHT,HMD-45,45,300660.2139,8678894.8522,32718
RIGHT,HMD-46,46,300733.6359,8678970.9201,32718
RIGHT,HMD-47,47,300754.1412,8679017.2223,32718
RIGHT,HMD-48,48,300757.4485,8679085.3526,32718
RIGHT,HMD-49,49,300824.9174,8679209.7070,32718
RIGHT,HMD-50,50,300926.1207,8679342.6604,32718
RIGHT,HMD-51,51,300996.8969,8679455.1086,32718
RIGHT,HMD-52,52,300943.3186,8679713.7393,32718
RIGHT,HMD-53,53,300930.7509,8679922.0991,32718
RIGHT,HMD-54,54,301054.4439,8680107.3078,32718
RIGHT,HMD-55,55,301279.3402,8680307.7301,32718
RIGHT,HMD-56,56,301418.2467,8680513.4440,32718
RIGHT,HMD-57,57,301565.4606,8680732.7636,32718
RIGHT,HMD-58,58,301743.4606,8680940.7636,32718
RIGHT,HMD-59,59,301929.5550,8681059.8097,32718
RIGHT,HMD-60,60,302043.0174,8681142.6244,32718
RIGHT,HMD-61,61,302245.6666,8681047.1648,32718
RIGHT,HMD-62,62,302526.6546,8680894.2353,32718
RIGHT,HMD-63,63,302634.4606,8680844.7636,32718
RIGHT,HMD-64,64,302818.4606,8680891.7636,32718
RIGHT,HMD-65,65,302975.4606,8680942.7636,32718
RIGHT,HMD-66,66,303163.4606,8680929.7636,32718
RIGHT,HMD-67,67,303377.4606,8680906.7636,32718
RIGHT,HMD-68,68,303544.4606,8680851.7636,32718
RIGHT,HMD-69,69,303669.4606,8680825.7636,32718
RIGHT,HMD-70,70,303830.4606,8680817.7636,32718
RIGHT,HMD-71,71,303969.4606,8680738.7636,32718
RIGHT,HMD-72,72,304076.4606,8680717.7636,32718
RIGHT,HMD-73,73,304201.4606,8680765.7636,32718
RIGHT,HMD-74,74,304278.4606,8680789.7636,32718
RIGHT,HMD-75,75,304403.4606,8680776.7636,32718
RIGHT,HMD-76,76,304500.4606,8680818.7636,32718
RIGHT,HMD-77,77,304604.4606,8680857.7636,32718
RIGHT,HMD-78,78,304686.4606,8680921.7636,32718
RIGHT,HMD-79,79,304904.4606,8681042.7636,32718
RIGHT,HMD-80,80,304976.4606,8681124.7636,32718
RIGHT,HMD-81,81,304986.4606,8681332.7636,32718
RIGHT,HMD-82,82,305086.4606,8681491.7636,32718
RIGHT,HMD-83,83,305223.4606,8681636.7636,32718
RIGHT,HMD-84,84,305327.4606,8681793.7636,32718
RIGHT,HMD-85,85,305508.4606,8681869.7636,32718
RIGHT,HMD-86,86,305609.4606,8681985.7636,32718
RIGHT,HMD-87,87,305799.4606,8682120.7636,32718
RIGHT,HMD-88,88,305927.4606,8682222.7636,32718
RIGHT,HMD-89,89,306086.4606,8682310.7636,32718
RIGHT,HMD-90,90,306199.4606,8682298.7636,32718
RIGHT,HMD-91,91,306290.4606,8682248.7636,32718
RIGHT,HMD-92,92,306383.4606,8682277.7636,32718
RIGHT,HMD-93,93,306438.4606,8682301.7636,32718
RIGHT,HMD-94,94,306580.4606,8682449.7636,32718
RIGHT,HMD-95,95,306784.4606,8682550.7636,32718
RIGHT,HMD-96,96,306956.4606,8682680.7636,32718
RIGHT,HMD-97,97,307115.4606,8682823.7636,32718
RIGHT,HMD-98,98,307213.4606,8683061.7636,32718
RIGHT,HMD-99,99,307356.4606,8683234.7636,32718
RIGHT,HMD-100,100,307545.4606,8683360.7636,32718
RIGHT,HMD-101,101,307696.4606,8683441.7636,32718
RIGHT,HMD-102,102,307867.4606,8683536.7636,32718
RIGHT,HMD-103,103,308045.4606,8683570.7636,32718
RIGHT,HMD-104,104,308232.4606,8683561.7636,32718
RIGHT,HMD-105,105,308378.4606,8683637.7636,32718
RIGHT,HMD-106,106,308328.4606,8683708.7636,32718
RIGHT,HMD-107,107,308444.4606,8683870.7636,32718
RIGHT,HMD-108,108,308614.4606,8683981.7636,32718
RIGHT,HMD-109,109,308711.4606,8684115.7636,32718
RIGHT,HMD-110,110,308798.4606,8684203.7636,32718
RIGHT,HMD-111,111,309020.4606,8684340.7636,32718
RIGHT,HMD-112,112,309146.4606,8684443.7636,32718
RIGHT,HMD-113,113,309222.4606,8684530.7636,32718
RIGHT,HMD-114,114,309257.4606,8684600.7636,32718
RIGHT,HMD-115,115,309375.9735,8684676.8916,32718
RIGHT,HMD-116,116,309549.9373,8684713.2719,32718
RIGHT,HMD-117,117,309715.4606,8684703.7636,32718
RIGHT,HMD-118,118,309880.4606,8684655.7636,32718
RIGHT,HMD-119,119,310042.4606,8684610.7636,32718
RIGHT,HMD-120,120,310190.2303,8684637.2040,32718
RIGHT,HMD-121,121,310270.4606,8684671.7636,32718
RIGHT,HMD-122,122,310370.4606,8684770.7636,32718
RIGHT,HMD-123,123,310447.4606,8684905.7636,32718
RIGHT,HMD-124,124,310583.4606,8685020.7636,32718
RIGHT,HMD-125,125,310675.4606,8685068.7636,32718
RIGHT,HMD-126,126,310707.4606,8685156.7636,32718
RIGHT,HMD-127,127,310831.4606,8685280.7636,32718
RIGHT,HMD-128,128,310841.4606,8685370.7636,32718
RIGHT,HMD-129,129,310959.4606,8685487.7636,32718
RIGHT,HMD-130,130,311045.4606,8685598.7636,32718
RIGHT,HMD-131,131,311054.4606,8685792.7636,32718
RIGHT,HMD-132,132,311038.4606,8685880.7636,32718
RIGHT,HMD-133,133,311089.4606,8685977.7636,32718
RIGHT,HMD-134,134,311144.4606,8686167.7636,32718
RIGHT,HMD-135,135,311185.3302,8686312.4167,32718
RIGHT,HMD-136,136,311390.3827,8686477.7816,32718
RIGHT,HMD-137,137,311662.6395,8686608.2215,32718
RIGHT,HMD-138,138,311682.7479,8686774.3801,32718
RIGHT,HMD-139,139,311852.0815,8686905.6137,32718
RIGHT,HMD-140,140,312014.4606,8686952.7636,32718
RIGHT,HMD-141,141,312222.4606,8687060.7636,32718
LEFT,HMI-01,1,294997.0000,8677836.0000,32718
LEFT,HMI-02,2,295062.0000,8677851.7950,32718
LEFT,HMI-03,3,295134.0000,8677846.7950,32718
LEFT,HMI-04,4,295245.0000,8677900.7950,32718
LEFT,HMI-05,5,295347.0000,8677931.7950,32718
LEFT,HMI-06,6,295426.0000,8677990.7950,32718
LEFT,HMI-07,7,295458.0000,8678055.7950,32718
LEFT,HMI-08,8,295536.0000,8678121.7950,32718
LEFT,HMI-09,9,295665.0000,8678179.7950,32718
LEFT,HMI-10,10,295913.5045,8678358.5385,32718
LEFT,HMI-11,11,296212.7488,8678453.7887,32718
LEFT,HMI-12,12,296670.0000,8678622.7950,32718
LEFT,HMI-13,13,296954.0000,8678737.7950,32718
LEFT,HMI-14,14,297088.0000,8678791.7950,32718
LEFT,HMI-15,15,297213.0000,8678839.7950,32718
LEFT,HMI-16,16,297307.0000,8678820.7950,32718
LEFT,HMI-17,17,297499.0000,8678846.7950,32718
LEFT,HMI-18,18,297623.0000,8678928.7950,32718
LEFT,HMI-19,19,297846.0000,8679049.7950,32718
LEFT,HMI-20,20,297952.6523,8679179.2777,32718
LEFT,HMI-21,21,298069.0000,8679404.7950,32718
LEFT,HMI-22,22,298201.7580,8679597.7171,32718
LEFT,HMI-23,23,298196.4663,8679740.5923,32718
LEFT,HMI-24,24,298350.0000,8679753.7950,32718
LEFT,HMI-25,25,298476.0000,8679779.7950,32718
LEFT,HMI-26,26,298596.0000,8679835.7950,32718
LEFT,HMI-27,27,298746.0000,8679807.7950,32718
LEFT,HMI-28,28,298840.0000,8679827.7950,32718
LEFT,HMI-29,29,298912.0000,8679869.7950,32718
LEFT,HMI-30,30,298975.0000,8679819.7950,32718
LEFT,HMI-31,31,299179.0000,8679535.7950,32718
LEFT,HMI-32,32,299295.0000,8679304.7950,32718
LEFT,HMI-33,33,299422.0000,8679145.7950,32718
LEFT,HMI-34,34,299587.0000,8679014.7950,32718
LEFT,HMI-35,35,299640.0000,8678906.7950,32718
LEFT,HMI-36,36,299783.2247,8678879.4808,32718
LEFT,HMI-37,37,299876.5765,8678862.9840,32718
LEFT,HMI-38,38,299898.0000,8678858.7950,32718
LEFT,HMI-39,39,299999.0000,8678814.7950,32718
LEFT,HMI-40,40,300288.0000,8678788.7950,32718
LEFT,HMI-41,41,300379.0000,8678794.7950,32718
LEFT,HMI-42,42,300502.4937,8678696.1021,32718
LEFT,HMI-43,43,300784.0109,8678690.0167,32718
LEFT,HMI-44,44,300905.7195,8679019.9527,32718
LEFT,HMI-45,45,301068.0000,8679113.7950,32718
LEFT,HMI-46,46,301151.0000,8679211.7950,32718
LEFT,HMI-47,47,301220.0000,8679390.7950,32718
LEFT,HMI-48,48,301197.0000,8679606.7950,32718
LEFT,HMI-49,49,301179.0000,8679795.7950,32718
LEFT,HMI-50,50,301208.0000,8679875.7950,32718
LEFT,HMI-51,51,301417.0000,8680004.7950,32718
LEFT,HMI-52,52,301561.0000,8680308.7950,32718
LEFT,HMI-53,53,301691.0000,8680537.7950,32718
LEFT,HMI-54,54,301818.0000,8680649.7950,32718
LEFT,HMI-55,55,301929.0000,8680712.7950,32718
LEFT,HMI-56,56,302085.0000,8680783.7950,32718
LEFT,HMI-57,57,302219.0000,8680881.7950,32718
LEFT,HMI-58,58,302301.0000,8680813.7950,32718
LEFT,HMI-59,59,302434.0000,8680702.7950,32718
LEFT,HMI-60,60,302598.0000,8680678.7950,32718
LEFT,HMI-61,61,302834.0000,8680735.7950,32718
LEFT,HMI-62,62,303100.2724,8680789.4601,32718
LEFT,HMI-63,63,303364.5917,8680701.3537,32718
LEFT,HMI-64,64,303576.5234,8680679.1286,32718
LEFT,HMI-65,65,303691.0000,8680698.7950,32718
LEFT,HMI-66,66,303863.7009,8680635.2372,32718
LEFT,HMI-67,67,304051.1868,8680575.9409,32718
LEFT,HMI-68,68,304217.0809,8680606.8972,32718
LEFT,HMI-69,69,304388.0000,8680655.7950,32718
LEFT,HMI-70,70,304568.0000,8680672.7950,32718
LEFT,HMI-71,71,304745.7195,8680762.4725,32718
LEFT,HMI-72,72,304867.1635,8680841.8477,32718
LEFT,HMI-73,73,304992.0000,8680936.7950,32718
LEFT,HMI-74,74,305093.0000,8681058.7950,32718
LEFT,HMI-75,75,305134.0000,8681238.7950,32718
LEFT,HMI-76,76,305241.0205,8681414.1426,32718
LEFT,HMI-77,77,305424.3771,8681579.2429,32718
LEFT,HMI-78,78,305587.0962,8681743.5495,32718
LEFT,HMI-79,79,305726.7964,8681818.9559,32718
LEFT,HMI-80,80,305846.6529,8681886.4248,32718
LEFT,HMI-81,81,305958.0000,8681989.7950,32718
LEFT,HMI-82,82,306056.2034,8682075.3377,32718
LEFT,HMI-83,83,306158.3327,8682171.1170,32718
LEFT,HMI-84,84,306285.8621,8682104.4419,32718
LEFT,HMI-85,85,306395.9290,8682111.8502,32718
LEFT,HMI-86,86,306488.5334,8682099.1502,32718
LEFT,HMI-87,87,306585.2105,8682140.7194,32718
LEFT,HMI-88,88,306736.4485,8682270.2698,32718
LEFT,HMI-89,89,306915.3733,8682377.7570,32718
LEFT,HMI-90,90,307069.0000,8682439.7950,32718
LEFT,HMI-91,91,307180.0000,8682551.7950,32718
LEFT,HMI-92,92,307265.9469,8682694.5962,32718
LEFT,HMI-93,93,307362.5200,8682797.1224,32718
LEFT,HMI-94,94,307457.1088,8682859.9611,32718
LEFT,HMI-95,95,307580.1403,8682984.3155,32718
LEFT,HMI-96,96,307718.0000,8683104.7950,32718
LEFT,HMI-97,97,307915.0000,8683291.7950,32718
LEFT,HMI-98,98,308097.3885,8683302.4776,32718
LEFT,HMI-99,99,308283.0000,8683347.7950,32718
LEFT,HMI-100,100,308444.2579,8683399.1830,32718
LEFT,HMI-101,101,308563.0000,8683502.7950,32718
LEFT,HMI-102,102,308641.0000,8683642.7950,32718
LEFT,HMI-103,103,308726.0000,8683790.7950,32718
LEFT,HMI-104,104,308892.0000,8683930.7950,32718
LEFT,HMI-105,105,308950.0000,8684032.7950,32718
LEFT,HMI-106,106,309181.0000,8684201.7950,32718
LEFT,HMI-107,107,309306.0000,8684325.7950,32718
LEFT,HMI-108,108,309435.0000,8684473.7950,32718
LEFT,HMI-109,109,309647.0000,8684496.7950,32718
LEFT,HMI-110,110,309863.0000,8684457.7950,32718
LEFT,HMI-111,111,310007.0000,8684405.7950,32718
LEFT,HMI-112,112,310238.0000,8684379.7950,32718
LEFT,HMI-113,113,310410.0000,8684437.7950,32718
LEFT,HMI-114,114,310523.0000,8684570.7950,32718
LEFT,HMI-115,115,310697.0000,8684799.7950,32718
LEFT,HMI-116,116,310798.0000,8684861.7950,32718
LEFT,HMI-117,117,310946.0000,8685076.7950,32718
LEFT,HMI-118,118,311032.0000,8685189.7950,32718
LEFT,HMI-119,119,311101.9863,8685373.1440,32718
LEFT,HMI-120,120,311210.4657,8685498.8213,32718
LEFT,HMI-121,121,311273.9658,8685706.5197,32718
LEFT,HMI-122,122,311399.6431,8685965.8119,32718
LEFT,HMI-123,123,311488.2787,8686238.3332,32718
LEFT,HMI-124,124,311596.7581,8686367.9793,32718
LEFT,HMI-125,125,311724.0000,8686508.7950,32718
LEFT,HMI-126,126,311869.2795,8686610.0736,32718
LEFT,HMI-127,127,311913.7296,8686671.4570,32718
LEFT,HMI-128,128,312199.0000,8686724.7950,32718
LEFT,HMI-129,129,312370.0000,8686914.7950,32718
